{"version":"4.2.1","resolution":100,"curves":[{"nodes":[[0,-2.7755575615628914e-17,0,0,0.4555808656036447,0.11085043492245229],[0.44967046317388004,0.528739032969588,-0.1,0,0.1],[1.7142857142857142,0.012316714991383787,-1.2414578587699319,-1.7503104731110436e-16]]},{"nodes":[[0,0.00615835749569188,0,0,0.8972665148063779,-0.012316714991383619],[0.7146666666666667,0.978299130155093,-0.031662870159453294,-0.04310850246984297,0.06219628484142699,0.08467926897338504],[1.3246013667425969,0.00615835749569188,0,0.9976539143020802]]},{"nodes":[[0,0,0,0,0.7662870159453303],[0.8917995444191346,0.9976539143020802,-0.7321184510250569,-0.012316714991383707]]},{"nodes":[[0,0.9914955568063883,0,0,0.8175398633257404],[0.8804100227790435,5.551115123125783e-17,-0.8004555808656035,-0.006158357495691854]]}],"channels":[["P1/drunk",{"items":[{"time":1.8257777777777777,"length":1.3246013667425969,"curve":1}]}],["P2/drunk",{"items":[{"time":1.8257777777777777,"length":1.3246013667425969,"curve":1}]}],["P1/tiny",{"items":[{"time":4.492444444444445,"length":1.7142857142857142,"curve":0}]}],["P2/tiny",{"items":[{"time":4.492444444444445,"length":1.7142857142857142,"curve":0}]}]],"labels":{},"guiSettings":{"snapTimeActive":false,"snapTimeInterval":0.1,"snapValueActive":false,"snapValueInterval":0.1,"snapBeatActive":true,"bpm":135,"beatOffset":0.048,"useBeatInGUI":true,"minimizedPrecisionTime":3,"minimizedPrecisionValue":3}}